product_url,product_name,mrp,color,reference_number,description,product_image,product_category
https://www.zara.com/es/en/polyamide-blend-top-p01355457.html,POLYAMIDE BLEND TOP,19.95 EUR,WINE,1355/457/660,"Top made from a polyamide blend yarn, featuring a round neckline and adjustable spaghetti straps.",https://static.zara.net/assets/public/90c5/a586/2b964a53a23d/e9d9156c8859/01355457700-072-p/01355457700-072-p.jpg?ts=1765878047434&w=1118,TOPS
https://www.zara.com/es/en/draped-surplice-neckline-top-p05039224.html,DRAPED SURPLICE NECKLINE TOP,17.95 EUR,GREEN MARL,5039/224/524,"SLIM FIT - SURPLICE NECKLINE - REGULAR LENGTH - LONG SLEEVE

Top with a surplice neckline and long sleeves. Draped fabric detail. Straight hem.",https://static.zara.net/assets/public/5835/073e/7cf94159bd42/62c54c4baba9/05039224524-p/05039224524-p.jpg?ts=1758103106087&w=1118,TOPS
https://www.zara.com/es/en/polyamide-blend-top-p01355457.html,POLYAMIDE BLEND TOP,19.95 EUR,WINE,1355/457/660,"Top made from a polyamide blend yarn, featuring a round neckline and adjustable spaghetti straps.",https://static.zara.net/assets/public/90c5/a586/2b964a53a23d/e9d9156c8859/01355457700-072-p/01355457700-072-p.jpg?ts=1765878047434&w=1118,TOPS
https://www.zara.com/es/en/cotton-modal-top-p03641871.html,COTTON MODAL TOP,7.95 EUR,BROWN,3641/871/700,Top made with cotton and modal. Featuring a high neck and sleeveless design.,https://static.zara.net/assets/public/70b0/928c/3c1f4ca6b9c8/cfa416b3f7b0/03641871700-p/03641871700-p.jpg?ts=1759937548468&w=1118,TOPS
https://www.zara.com/es/en/cotton-modal-top-p03641871.html,COTTON MODAL TOP,7.95 EUR,BROWN,3641/871/700,Top made with cotton and modal. Featuring a high neck and sleeveless design.,https://static.zara.net/assets/public/70b0/928c/3c1f4ca6b9c8/cfa416b3f7b0/03641871700-p/03641871700-p.jpg?ts=1759937548468&w=1118,TOPS
https://www.zara.com/es/en/long-sleeve-lace-top-p03641874.html,LONG SLEEVE LACE TOP,12.95 EUR,BLACK,3641/874/800,Top made from lace fabric. Round neck and short sleeve. Straight hem.,https://static.zara.net/assets/public/d432/4197/a706430bb5d1/b556baa705b4/03641874800-p/03641874800-p.jpg?ts=1765527868035&w=1118,TOPS
https://www.zara.com/es/en/long-sleeve-lace-top-p03641874.html,LONG SLEEVE LACE TOP,12.95 EUR,BLACK,3641/874/800,Top made from lace fabric. Round neck and short sleeve. Straight hem.,https://static.zara.net/assets/public/d432/4197/a706430bb5d1/b556baa705b4/03641874800-p/03641874800-p.jpg?ts=1765527868035&w=1118,TOPS
https://www.zara.com/es/en/cotton-modal-top-p03641871.html,COTTON MODAL TOP,7.95 EUR,BROWN,3641/871/700,Top made with cotton and modal. Featuring a high neck and sleeveless design.,https://static.zara.net/assets/public/70b0/928c/3c1f4ca6b9c8/cfa416b3f7b0/03641871700-p/03641871700-p.jpg?ts=1759937548468&w=1118,TOPS
https://www.zara.com/es/en/cotton-modal-top-p03641871.html,COTTON MODAL TOP,7.95 EUR,BROWN,3641/871/700,Top made with cotton and modal. Featuring a high neck and sleeveless design.,https://static.zara.net/assets/public/70b0/928c/3c1f4ca6b9c8/cfa416b3f7b0/03641871700-p/03641871700-p.jpg?ts=1759937548468&w=1118,TOPS
https://www.zara.com/es/en/structured-waistcoat-with-buttons-p05039215.html,STRUCTURED WAISTCOAT WITH BUTTONS,22.95 EUR,BLACK / WHITE,5039/215/064,V-neck waistcoat with sleeveless design. Featuring a structured fabric and metallic thread appliqué. Asymmetric hem. Front fastening with metal buttons.,https://static.zara.net/assets/public/2b20/eff7/dc4649f2ac9a/f8b8b085c36b/05039215064-p/05039215064-p.jpg?ts=1761836525723&w=1118,TOPS
https://www.zara.com/es/en/structured-waistcoat-with-buttons-p05039215.html,STRUCTURED WAISTCOAT WITH BUTTONS,22.95 EUR,BLACK / WHITE,5039/215/064,V-neck waistcoat with sleeveless design. Featuring a structured fabric and metallic thread appliqué. Asymmetric hem. Front fastening with metal buttons.,https://static.zara.net/assets/public/2b20/eff7/dc4649f2ac9a/f8b8b085c36b/05039215064-p/05039215064-p.jpg?ts=1761836525723&w=1118,TOPS
https://www.zara.com/es/en/fine-strap-polyamide-t-shirt-p03905532.html,FINE STRAP POLYAMIDE T-SHIRT,7.95 EUR,WHITE,3905/532/250,"MID WEIGHT - SLIM FIT - ROUND NECK - REGULAR LENGTH - SLEEVELESS

Fitted T-shirt made from a polyamide blend fabric with a round neckline and straps.",https://static.zara.net/assets/public/4c01/d6ad/dbd846a0b090/06e58a666364/03905532250-p/03905532250-p.jpg?ts=1762425752710&w=1118,TOPS
https://www.zara.com/es/en/draped-surplice-neckline-top-p05039224.html,DRAPED SURPLICE NECKLINE TOP,17.95 EUR,GREEN MARL,5039/224/524,"SLIM FIT - SURPLICE NECKLINE - REGULAR LENGTH - LONG SLEEVE

Top with a surplice neckline and long sleeves. Draped fabric detail. Straight hem.",https://static.zara.net/assets/public/5835/073e/7cf94159bd42/62c54c4baba9/05039224524-p/05039224524-p.jpg?ts=1758103106087&w=1118,TOPS
https://www.zara.com/es/en/draped-surplice-neckline-top-p05039224.html,DRAPED SURPLICE NECKLINE TOP,17.95 EUR,GREEN MARL,5039/224/524,"SLIM FIT - SURPLICE NECKLINE - REGULAR LENGTH - LONG SLEEVE

Top with a surplice neckline and long sleeves. Draped fabric detail. Straight hem.",https://static.zara.net/assets/public/5835/073e/7cf94159bd42/62c54c4baba9/05039224524-p/05039224524-p.jpg?ts=1758103106087&w=1118,TOPS
https://www.zara.com/es/en/zw-collection-lace-camisole-top-p05919105.html,ZW COLLECTION LACE CAMISOLE TOP,35.95 EUR,BROWN,5919/105/700,"ZARA WOMAN COLLECTION

V-neck camisole top with thin straps. Featuring matching lace appliqué detail and an asymmetric hem.",https://static.zara.net/assets/public/60d7/0e0e/0a3345c8bef3/2b21f6516fa3/05919105700-p/05919105700-p.jpg?ts=1763572714591&w=1118,TOPS
https://www.zara.com/es/en/zw-collection-lace-camisole-top-p05919105.html,ZW COLLECTION LACE CAMISOLE TOP,35.95 EUR,BROWN,5919/105/700,"ZARA WOMAN COLLECTION

V-neck camisole top with thin straps. Featuring matching lace appliqué detail and an asymmetric hem.",https://static.zara.net/assets/public/60d7/0e0e/0a3345c8bef3/2b21f6516fa3/05919105700-p/05919105700-p.jpg?ts=1763572714591&w=1118,TOPS
https://www.zara.com/es/en/zw-collection-lace-camisole-top-p05919105.html,ZW COLLECTION LACE CAMISOLE TOP,35.95 EUR,BROWN,5919/105/700,"ZARA WOMAN COLLECTION

V-neck camisole top with thin straps. Featuring matching lace appliqué detail and an asymmetric hem.",https://static.zara.net/assets/public/60d7/0e0e/0a3345c8bef3/2b21f6516fa3/05919105700-p/05919105700-p.jpg?ts=1763572714591&w=1118,TOPS
https://www.zara.com/es/en/zw-collection-lace-camisole-top-p05919105.html,ZW COLLECTION LACE CAMISOLE TOP,35.95 EUR,BROWN,5919/105/700,"ZARA WOMAN COLLECTION

V-neck camisole top with thin straps. Featuring matching lace appliqué detail and an asymmetric hem.",https://static.zara.net/assets/public/60d7/0e0e/0a3345c8bef3/2b21f6516fa3/05919105700-p/05919105700-p.jpg?ts=1763572714591&w=1118,TOPS
https://www.zara.com/es/en/polyamide-top-with-wide-straps-p03905531.html,POLYAMIDE TOP WITH WIDE STRAPS,9.95 EUR,ECRU,3905/531/712,"MID WEIGHT - SLIM FIT - ROUND NECKLINE - NORMAL LENGTH - SLEEVELESS

Fitted top made from a polyamide blend. Features wide straps and chest reinforcement.",https://static.zara.net/assets/public/3351/317c/a98f4db2a1fa/fa43498cca63/1686731252195/1686731252195.jpg?ts=1727719007028&w=1118,TOPS
https://www.zara.com/es/en/polyamide-top-with-wide-straps-p03905531.html,POLYAMIDE TOP WITH WIDE STRAPS,9.95 EUR,ECRU,3905/531/712,"MID WEIGHT - SLIM FIT - ROUND NECKLINE - NORMAL LENGTH - SLEEVELESS

Fitted top made from a polyamide blend. Features wide straps and chest reinforcement.",https://static.zara.net/assets/public/3351/317c/a98f4db2a1fa/fa43498cca63/1686731252195/1686731252195.jpg?ts=1727719007028&w=1118,TOPS
https://www.zara.com/es/en/zw-collection-lace-camisole-top-p05919105.html,ZW COLLECTION LACE CAMISOLE TOP,35.95 EUR,BROWN,5919/105/700,"ZARA WOMAN COLLECTION

V-neck camisole top with thin straps. Featuring matching lace appliqué detail and an asymmetric hem.",https://static.zara.net/assets/public/60d7/0e0e/0a3345c8bef3/2b21f6516fa3/05919105700-p/05919105700-p.jpg?ts=1763572714591&w=1118,TOPS
https://www.zara.com/es/en/structured-waistcoat-with-buttons-p05039215.html,STRUCTURED WAISTCOAT WITH BUTTONS,22.95 EUR,BLACK / WHITE,5039/215/064,V-neck waistcoat with sleeveless design. Featuring a structured fabric and metallic thread appliqué. Asymmetric hem. Front fastening with metal buttons.,https://static.zara.net/assets/public/2b20/eff7/dc4649f2ac9a/f8b8b085c36b/05039215064-p/05039215064-p.jpg?ts=1761836525723&w=1118,TOPS
https://www.zara.com/es/en/satin-halter-top-p02157221.html,SATIN HALTER TOP,19.95 EUR,BROWN,2157/221/700,Halter neck top with a bare back. Back fastening with hidden buttons.,https://static.zara.net/assets/public/0dc1/5c44/e65f43c5ac3d/2af63e7e04fe/08016399700-p/08016399700-p.jpg?ts=1765876071921&w=1118,TOPS
https://www.zara.com/es/en/satin-halter-top-p02157221.html,SATIN HALTER TOP,19.95 EUR,BROWN,2157/221/700,Halter neck top with a bare back. Back fastening with hidden buttons.,https://static.zara.net/assets/public/0dc1/5c44/e65f43c5ac3d/2af63e7e04fe/08016399700-p/08016399700-p.jpg?ts=1765876071921&w=1118,TOPS
https://www.zara.com/es/en/knit-peplum-belted-top-p04192141.html,KNIT PEPLUM BELTED TOP,25.95 EUR,CHOCOLATE,4192/141/717,Plain knit top with a round neck and short sleeves. Features a thin belt. Flared hem.,https://static.zara.net/assets/public/a473/5660/256e4013a2c5/826a5cb728b0/04192141717-p/04192141717-p.jpg?ts=1763127489666&w=1118,TOPS
https://www.zara.com/es/en/satin-halter-top-p02231581.html,SATIN HALTER TOP,19.95 EUR,BURGUNDY,2231/581/681,Halter neck top with an open back. Back fastening with hidden buttons.,https://static.zara.net/assets/public/de2e/e241/0614425a9bbb/0af4c5cf1cc7/02231581681-p/02231581681-p.jpg?ts=1766149863171&w=1118,TOPS
https://www.zara.com/es/en/high-neck-top-p00858730.html,HIGH NECK TOP,17.95 EUR,BLACK,0858/730/800,"Top crafted in a lyocell blend knit. Featuring a high neck, dropped armholes and a straight hem.",https://static.zara.net/assets/public/e087/1b7d/60d14f309063/a43bb273ad08/00858730800-p/00858730800-p.jpg?ts=1758879419200&w=1118,TOPS
https://www.zara.com/es/en/high-neck-top-p00858730.html,HIGH NECK TOP,17.95 EUR,BLACK,0858/730/800,"Top crafted in a lyocell blend knit. Featuring a high neck, dropped armholes and a straight hem.",https://static.zara.net/assets/public/e087/1b7d/60d14f309063/a43bb273ad08/00858730800-p/00858730800-p.jpg?ts=1758879419200&w=1118,TOPS
https://www.zara.com/es/en/top-with-shoulder-pads-and-fringing-p02176743.html,TOP WITH SHOULDER PADS AND FRINGING,22.95 EUR,ECRU,2176/743/712,Sleeveless top featuring a high neck and shoulder pads. Hem finished with fringing and metallic thread.,https://static.zara.net/assets/public/989a/e376/2ab94dcea568/53b83a8c99b3/02176743712-p/02176743712-p.jpg?ts=1767866930925&w=1118,TOPS
https://www.zara.com/es/en/leather-effect-sleeveless-top-p02148683.html,LEATHER EFFECT SLEEVELESS TOP,25.95 EUR,BROWN,2148/683/700,Round neck sleeveless top. Featuring a thin belt detail. Flared hem. Fastens at the back with a concealed in-seam zip.,https://static.zara.net/assets/public/da2e/33e2/dc864480be3a/9fcad288ca84/02148683700-p/02148683700-p.jpg?ts=1767866926088&w=1118,TOPS
https://www.zara.com/es/en/soft-buckle-top-p00264304.html,SOFT TOP WITH BUCKLE,22.95 EUR,BLACK / ECRU,0264/304/093,"Top featuring a straight neckline, open shoulders and long sleeves. Combination of contrasting fabrics. Metal buckle detail. Straight hem.",https://static.zara.net/assets/public/759c/3aa8/f63c4adea802/b7752bb1d358/00264304093-p/00264304093-p.jpg?ts=1767005121259&w=1118,TOPS
https://www.zara.com/es/en/soft-buckle-top-p00264304.html,SOFT TOP WITH BUCKLE,22.95 EUR,BLACK / ECRU,0264/304/093,"Top featuring a straight neckline, open shoulders and long sleeves. Combination of contrasting fabrics. Metal buckle detail. Straight hem.",https://static.zara.net/assets/public/759c/3aa8/f63c4adea802/b7752bb1d358/00264304093-p/00264304093-p.jpg?ts=1767005121259&w=1118,TOPS
https://www.zara.com/es/en/100-wool-rib-top-p08779105.html,100% WOOL RIB TOP,49.95 EUR,ECRU,8779/105/712,Top with main fabric made of 100% wool yarn. V-neck and long sleeve. Ribbed knit detail.,https://static.zara.net/assets/public/bdd0/1c09/c42942fb85cd/e78b971e6c13/08779105712-p/08779105712-p.jpg?ts=1766999975899&w=1118,TOPS
https://www.zara.com/es/en/100-wool-rib-top-p08779105.html,100% WOOL RIB TOP,49.95 EUR,ECRU,8779/105/712,Top with main fabric made of 100% wool yarn. V-neck and long sleeve. Ribbed knit detail.,https://static.zara.net/assets/public/bdd0/1c09/c42942fb85cd/e78b971e6c13/08779105712-p/08779105712-p.jpg?ts=1766999975899&w=1118,TOPS
https://www.zara.com/es/en/long-sleeve-ribbed-top-p03253838.html,LONG SLEEVE RIBBED TOP,9.95 EUR,WHITE,3253/838/250,Fitted long sleeve top in a ribbed knit with a V-neck.,https://static.zara.net/assets/public/8326/52a2/827049dbb4b7/4bb2003cce43/03253838250-p/03253838250-p.jpg?ts=1758812160333&w=1118,TOPS
https://www.zara.com/es/en/long-sleeve-ribbed-top-p03253838.html,LONG SLEEVE RIBBED TOP,9.95 EUR,WHITE,3253/838/250,Fitted long sleeve top in a ribbed knit with a V-neck.,https://static.zara.net/assets/public/8326/52a2/827049dbb4b7/4bb2003cce43/03253838250-p/03253838250-p.jpg?ts=1758812160333&w=1118,TOPS
https://www.zara.com/es/en/long-sleeve-ribbed-top-p03253838.html,LONG SLEEVE RIBBED TOP,9.95 EUR,WHITE,3253/838/250,Fitted long sleeve top in a ribbed knit with a V-neck.,https://static.zara.net/assets/public/8326/52a2/827049dbb4b7/4bb2003cce43/03253838250-p/03253838250-p.jpg?ts=1758812160333&w=1118,TOPS
https://www.zara.com/es/en/long-sleeve-ribbed-top-p03253838.html,LONG SLEEVE RIBBED TOP,9.95 EUR,WHITE,3253/838/250,Fitted long sleeve top in a ribbed knit with a V-neck.,https://static.zara.net/assets/public/8326/52a2/827049dbb4b7/4bb2003cce43/03253838250-p/03253838250-p.jpg?ts=1758812160333&w=1118,TOPS
https://www.zara.com/es/en/high-neck-top-p00858730.html,HIGH NECK TOP,17.95 EUR,BLACK,0858/730/800,"Top crafted in a lyocell blend knit. Featuring a high neck, dropped armholes and a straight hem.",https://static.zara.net/assets/public/e087/1b7d/60d14f309063/a43bb273ad08/00858730800-p/00858730800-p.jpg?ts=1758879419200&w=1118,TOPS
https://www.zara.com/es/en/high-neck-top-p00858730.html,HIGH NECK TOP,17.95 EUR,BLACK,0858/730/800,"Top crafted in a lyocell blend knit. Featuring a high neck, dropped armholes and a straight hem.",https://static.zara.net/assets/public/e087/1b7d/60d14f309063/a43bb273ad08/00858730800-p/00858730800-p.jpg?ts=1758879419200&w=1118,TOPS
https://www.zara.com/es/en/sleeveless-top-p05644010.html,SLEEVELESS TOP,17.95 EUR,GREY,5644/010/802,Spun cotton top. Features a fluid high neck and sleeveless design. Asymmetric hem.,https://static.zara.net/assets/public/61fa/5a30/146644ddb3eb/34a57306555e/05644010802-p/05644010802-p.jpg?ts=1767965259262&w=1118,TOPS
https://www.zara.com/es/en/double-rustic-top-p05644008.html,DOUBLE RUSTIC TOP,17.95 EUR,WHITE / GREEN,5644/008/063,Top made of 22% wool yarn. Featuring a round neck and sleeveless design. With a double-effect fabric detail and side ruching.,https://static.zara.net/assets/public/1167/1c47/a6e24e228d9d/59a0276ba613/05644008063-p/05644008063-p.jpg?ts=1767965257712&w=1118,TOPS
https://www.zara.com/es/en/check-cape-crop-top-p02171018.html,CHECK CAPE CROP TOP,25.95 EUR,SAND / BLUE,2171/018/090,High neck crop top with long sleeve and elasticated cuffs. Features a tonal layered cape detail. Back fastening with opening and inner buttons.,https://static.zara.net/assets/public/5754/d441/d9a04ce69755/a32145ecaa63/02171018090-p/02171018090-p.jpg?ts=1767009831706&w=1118,TOPS
https://www.zara.com/es/en/zw-collection-lace-camisole-top-p05919105.html,ZW COLLECTION LACE CAMISOLE TOP,35.95 EUR,BROWN,5919/105/700,"ZARA WOMAN COLLECTION

V-neck camisole top with thin straps. Featuring matching lace appliqué detail and an asymmetric hem.",https://static.zara.net/assets/public/60d7/0e0e/0a3345c8bef3/2b21f6516fa3/05919105700-p/05919105700-p.jpg?ts=1763572714591&w=1118,TOPS
https://www.zara.com/es/en/zw-collection-lace-camisole-top-p05919105.html,ZW COLLECTION LACE CAMISOLE TOP,35.95 EUR,BROWN,5919/105/700,"ZARA WOMAN COLLECTION

V-neck camisole top with thin straps. Featuring matching lace appliqué detail and an asymmetric hem.",https://static.zara.net/assets/public/60d7/0e0e/0a3345c8bef3/2b21f6516fa3/05919105700-p/05919105700-p.jpg?ts=1763572714591&w=1118,TOPS
https://www.zara.com/es/en/striped-belted-top-p01131302.html,STRIPED BELTED TOP,22.95 EUR,BROWN / ECRU,1131/302/087,Not available,https://static.zara.net/assets/public/942b/802f/23514494a8e4/978cc16987ef/01131302087-p/01131302087-p.jpg?ts=1767965232423&w=1118,TOPS
https://www.zara.com/es/en/fine-strap-polyamide-t-shirt-p03905532.html,FINE STRAP POLYAMIDE T-SHIRT,7.95 EUR,WHITE,3905/532/250,"MID WEIGHT - SLIM FIT - ROUND NECK - REGULAR LENGTH - SLEEVELESS

Fitted T-shirt made from a polyamide blend fabric with a round neckline and straps.",https://static.zara.net/assets/public/4c01/d6ad/dbd846a0b090/06e58a666364/03905532250-p/03905532250-p.jpg?ts=1762425752710&w=1118,TOPS
https://www.zara.com/es/en/cropped-stretch-t-shirt-p02335299.html,CROPPED STRETCH T-SHIRT,5.95 EUR,BLACK,2335/299/800,"MID WEIGHT - SLIM FIT - ROUND NECK - CROPPED - SHORT SLEEVES

Cropped T-shirt made of a cotton blend. Round neckline and short sleeves.",https://static.zara.net/assets/public/8892/3270/158440d6b2bd/bf727802302b/02335299800-p/02335299800-p.jpg?ts=1750863291250&w=1118,TOPS
https://www.zara.com/es/en/soft-buckle-top-p00264304.html,SOFT TOP WITH BUCKLE,22.95 EUR,BLACK / ECRU,0264/304/093,"Top featuring a straight neckline, open shoulders and long sleeves. Combination of contrasting fabrics. Metal buckle detail. Straight hem.",https://static.zara.net/assets/public/759c/3aa8/f63c4adea802/b7752bb1d358/00264304093-p/00264304093-p.jpg?ts=1767005121259&w=1118,TOPS
https://www.zara.com/es/en/structured-waistcoat-with-buttons-p05039215.html,STRUCTURED WAISTCOAT WITH BUTTONS,22.95 EUR,BLACK / WHITE,5039/215/064,V-neck waistcoat with sleeveless design. Featuring a structured fabric and metallic thread appliqué. Asymmetric hem. Front fastening with metal buttons.,https://static.zara.net/assets/public/2b20/eff7/dc4649f2ac9a/f8b8b085c36b/05039215064-p/05039215064-p.jpg?ts=1761836525723&w=1118,TOPS
https://www.zara.com/es/en/structured-waistcoat-with-buttons-p05039215.html,STRUCTURED WAISTCOAT WITH BUTTONS,22.95 EUR,BLACK / WHITE,5039/215/064,V-neck waistcoat with sleeveless design. Featuring a structured fabric and metallic thread appliqué. Asymmetric hem. Front fastening with metal buttons.,https://static.zara.net/assets/public/2b20/eff7/dc4649f2ac9a/f8b8b085c36b/05039215064-p/05039215064-p.jpg?ts=1761836525723&w=1118,TOPS
https://www.zara.com/es/en/long-satin-top-with-fringing-p02022748.html,LONG SATIN TOP WITH FRINGING,29.95 EUR,BLACK,2022/748/800,Top with a flowing neckline and sleeveless. Side pleat detail at the waist and an asymmetric hem with fringing. Fastens at the back with an opening and a concealed button.,https://static.zara.net/assets/public/d10b/b58e/71b543e289cf/5cd2a329af98/02022748800-p/02022748800-p.jpg?ts=1766414781470&w=1118,TOPS
https://www.zara.com/es/en/fringed-balloon-top-p02024640.html,BALLOON TOP WITH FRINGING,25.95 EUR,MAUVE,2024/640/612,"Round neck, sleeveless top with a voluminous hem with elastic trim. Features a buttoned opening at the back with a concealed button.",https://static.zara.net/assets/public/0eaf/90d5/8f5e4985b194/e0d13f944907/02024640612-p/02024640612-p.jpg?ts=1764670543062&w=1118,TOPS
https://www.zara.com/es/en/polyamide-top-with-wide-straps-p03905531.html,POLYAMIDE TOP WITH WIDE STRAPS,9.95 EUR,ECRU,3905/531/712,"MID WEIGHT - SLIM FIT - ROUND NECKLINE - NORMAL LENGTH - SLEEVELESS

Fitted top made from a polyamide blend. Features wide straps and chest reinforcement.",https://static.zara.net/assets/public/3351/317c/a98f4db2a1fa/fa43498cca63/1686731252195/1686731252195.jpg?ts=1727719007028&w=1118,TOPS
https://www.zara.com/es/en/fine-strap-polyamide-t-shirt-p03905532.html,FINE STRAP POLYAMIDE T-SHIRT,7.95 EUR,WHITE,3905/532/250,"MID WEIGHT - SLIM FIT - ROUND NECK - REGULAR LENGTH - SLEEVELESS

Fitted T-shirt made from a polyamide blend fabric with a round neckline and straps.",https://static.zara.net/assets/public/4c01/d6ad/dbd846a0b090/06e58a666364/03905532250-p/03905532250-p.jpg?ts=1762425752710&w=1118,TOPS
https://www.zara.com/es/en/ribbed-top-p04424300.html,RIBBED TOP,8.95 EUR,BLACK,4424/300/800,Fitted sleeveless top with a round neck.,https://static.zara.net/assets/public/8585/b9ce/7d4a40cda522/12b1e0a5c225/04424300800-p/04424300800-p.jpg?ts=1755706033847&w=1118,TOPS
https://www.zara.com/es/en/ribbed-top-p04424300.html,RIBBED TOP,8.95 EUR,BLACK,4424/300/800,Fitted sleeveless top with a round neck.,https://static.zara.net/assets/public/8585/b9ce/7d4a40cda522/12b1e0a5c225/04424300800-p/04424300800-p.jpg?ts=1755706033847&w=1118,TOPS
https://www.zara.com/es/en/gathered-neckline-stocking-top-p05919110.html,GATHERED V-NECK STOCKING TOP,15.95 EUR,DARK BROWN,5919/110/716,Stocking-style top made from a polyamide blend. V-neckline and thin straps. Gathered fabric detail on the chest.,https://static.zara.net/assets/public/4674/a650/416240739514/2d7e1e246494/05919110716-p/05919110716-p.jpg?ts=1767875176190&w=1118,TOPS
https://www.zara.com/es/en/satin-halter-top-p02157221.html,SATIN HALTER TOP,19.95 EUR,BROWN,2157/221/700,Halter neck top with a bare back. Back fastening with hidden buttons.,https://static.zara.net/assets/public/0dc1/5c44/e65f43c5ac3d/2af63e7e04fe/08016399700-p/08016399700-p.jpg?ts=1765876071921&w=1118,TOPS
https://www.zara.com/es/en/denim-effect-bustier-top-p06929365.html,DENIM-EFFECT BUSTIER TOP,25.95 EUR,DARK INDIGO,6929/365/443,Bustier top with a straight elastic neckline and bare shoulders. Featuring internal boning detail that enhances and flatters the figure. Flared hem. Metal zip fastening at the back.,https://static.zara.net/assets/public/c8d3/b3b9/db9f427cb88f/7847d51dcf77/06929365443-p/06929365443-p.jpg?ts=1767888747692&w=1118,TOPS
https://www.zara.com/es/en/striped-zip-up-waistcoat-p02010762.html,STRIPED ZIP-UP WAISTCOAT,25.95 EUR,BROWN / ECRU,2010/762/087,Sleeveless waistcoat with a lapel collar. Featuring a double-ended zip-up front.,https://static.zara.net/assets/public/6111/615f/14e7473eadd9/b907b00318be/02010762087-p/02010762087-p.jpg?ts=1767888720210&w=1118,TOPS
https://www.zara.com/es/en/fine-strap-polyamide-t-shirt-p03905532.html,FINE STRAP POLYAMIDE T-SHIRT,7.95 EUR,WHITE,3905/532/250,"MID WEIGHT - SLIM FIT - ROUND NECK - REGULAR LENGTH - SLEEVELESS

Fitted T-shirt made from a polyamide blend fabric with a round neckline and straps.",https://static.zara.net/assets/public/4c01/d6ad/dbd846a0b090/06e58a666364/03905532250-p/03905532250-p.jpg?ts=1762425752710&w=1118,TOPS
https://www.zara.com/es/en/polyamide-blend-top-p01355457.html,POLYAMIDE BLEND TOP,19.95 EUR,WINE,1355/457/660,"Top made from a polyamide blend yarn, featuring a round neckline and adjustable spaghetti straps.",https://static.zara.net/assets/public/90c5/a586/2b964a53a23d/e9d9156c8859/01355457700-072-p/01355457700-072-p.jpg?ts=1765878047434&w=1118,TOPS
https://www.zara.com/es/en/satin-halter-top-p02157221.html,SATIN HALTER TOP,19.95 EUR,BROWN,2157/221/700,Halter neck top with a bare back. Back fastening with hidden buttons.,https://static.zara.net/assets/public/0dc1/5c44/e65f43c5ac3d/2af63e7e04fe/08016399700-p/08016399700-p.jpg?ts=1765876071921&w=1118,TOPS
https://www.zara.com/es/en/satin-halter-top-p02157221.html,SATIN HALTER TOP,19.95 EUR,BROWN,2157/221/700,Halter neck top with a bare back. Back fastening with hidden buttons.,https://static.zara.net/assets/public/0dc1/5c44/e65f43c5ac3d/2af63e7e04fe/08016399700-p/08016399700-p.jpg?ts=1765876071921&w=1118,TOPS
https://www.zara.com/es/en/beaded-textured-cut-out-top-p05919624.html,TEXTURED LACE KNIT BEADED TOP,69.95 EUR,BLACK,5919/624/800,Semi-sheer boat neck top with sleeveless design. Featuring textured openwork fabric detail and matching bead appliqués.,https://static.zara.net/assets/public/6310/373e/091a4aa68939/35583b900e9b/05919624800-p/05919624800-p.jpg?ts=1764066727221&w=1118,TOPS
https://www.zara.com/es/en/polyamide-blend-top-p01355457.html,POLYAMIDE BLEND TOP,19.95 EUR,WINE,1355/457/660,"Top made from a polyamide blend yarn, featuring a round neckline and adjustable spaghetti straps.",https://static.zara.net/assets/public/90c5/a586/2b964a53a23d/e9d9156c8859/01355457700-072-p/01355457700-072-p.jpg?ts=1765878047434&w=1118,TOPS
https://www.zara.com/es/en/textured-top-with-buckle-p05067178.html,TEXTURED TOP WITH BUCKLE,22.95 EUR,MUSTARD,5067/178/305,Boat neck long sleeve top with wide armholes. Featuring a front golden buckle detail.,https://static.zara.net/assets/public/718b/50c0/65a34656ace1/45cc71f3c03c/05067178305-p/05067178305-p.jpg?ts=1767965247847&w=1118,TOPS
https://www.zara.com/es/en/textured-top-with-buckle-p05067178.html,TEXTURED TOP WITH BUCKLE,22.95 EUR,MUSTARD,5067/178/305,Boat neck long sleeve top with wide armholes. Featuring a front golden buckle detail.,https://static.zara.net/assets/public/718b/50c0/65a34656ace1/45cc71f3c03c/05067178305-p/05067178305-p.jpg?ts=1767965247847&w=1118,TOPS
https://www.zara.com/es/en/fringed-balloon-top-p02024640.html,BALLOON TOP WITH FRINGING,25.95 EUR,MAUVE,2024/640/612,"Round neck, sleeveless top with a voluminous hem with elastic trim. Features a buttoned opening at the back with a concealed button.",https://static.zara.net/assets/public/0eaf/90d5/8f5e4985b194/e0d13f944907/02024640612-p/02024640612-p.jpg?ts=1764670543062&w=1118,TOPS
https://www.zara.com/es/en/satin-strappy-lace-top-p01067655.html,SATIN STRAPPY TOP WITH LACE TRIM,29.95 EUR,BLACK,1067/655/800,Top made from satin fabric. V-neckline with matching lace trim. Thin straps.,https://static.zara.net/assets/public/245b/fb0c/04ae41718b58/44beaeca81ec/01067655800-p/01067655800-p.jpg?ts=1764767029514&w=1118,TOPS
https://www.zara.com/es/en/satin-halter-top-p02157221.html,SATIN HALTER TOP,19.95 EUR,BROWN,2157/221/700,Halter neck top with a bare back. Back fastening with hidden buttons.,https://static.zara.net/assets/public/0dc1/5c44/e65f43c5ac3d/2af63e7e04fe/08016399700-p/08016399700-p.jpg?ts=1765876071921&w=1118,TOPS
https://www.zara.com/es/en/cotton-jumper-top-p01067631.html,COTTON JUMPER TOP,22.95 EUR,BLACK,1067/631/800,Semi-sheer jumper-style top made from 100% cotton yarn. High neck and long sleeve. Finished with visible seams.,https://static.zara.net/assets/public/60bb/e558/cad6404daa4e/c8d79408ac98/01067631800-p/01067631800-p.jpg?ts=1756314823395&w=1118,TOPS
https://www.zara.com/es/en/cotton-jumper-top-p01067631.html,COTTON JUMPER TOP,22.95 EUR,BLACK,1067/631/800,Semi-sheer jumper-style top made from 100% cotton yarn. High neck and long sleeve. Finished with visible seams.,https://static.zara.net/assets/public/60bb/e558/cad6404daa4e/c8d79408ac98/01067631800-p/01067631800-p.jpg?ts=1756314823395&w=1118,TOPS
https://www.zara.com/es/en/high-neck-top-with-polyamide-p05919614.html,HIGH NECK TOP WITH POLYAMIDE,22.95 EUR,BLACK,5919/614/800,"Semi-sheer, fitted top made from polyamide yarn. High neck and long sleeves. Features marked seam detail.",https://static.zara.net/assets/public/dfc6/7e1d/75dc49fdaeb8/c85700fb6e25/05919614800-p/05919614800-p.jpg?ts=1758879438803&w=1118,TOPS
https://www.zara.com/es/en/high-neck-top-with-polyamide-p05919614.html,HIGH NECK TOP WITH POLYAMIDE,22.95 EUR,BLACK,5919/614/800,"Semi-sheer, fitted top made from polyamide yarn. High neck and long sleeves. Features marked seam detail.",https://static.zara.net/assets/public/dfc6/7e1d/75dc49fdaeb8/c85700fb6e25/05919614800-p/05919614800-p.jpg?ts=1758879438803&w=1118,TOPS
